{"cameraMode":{"drawMode":0,"name":"Shaded","section":"Shading Mode"},"sceneLighting":true,"audioPlay":false,"sceneViewState":{"showFog":true,"showMaterialUpdate":false,"showSkybox":true,"showFlares":true,"showImageEffects":true,"showParticleSystems":true},"in2DMode":false,"pivot":{"x":0.5429127812385559,"y":1.4721461534500123,"z":-1.331892490386963},"rotation":{"x":0.0003599297779146582,"y":0.9996005892753601,"z":-0.014995157718658448,"w":0.023994773626327516},"size":4.65964412689209,"orthographic":false}